BEGIN TRANSACTION;
DROP TABLE IF EXISTS "countries";
CREATE TABLE IF NOT EXISTS "countries" (
	"id"	SERIAL PRIMARY KEY,
	"name"	varchar(255)
);
DROP TABLE IF EXISTS "customers";
CREATE TABLE IF NOT EXISTS "customers" (
	"id"	SERIAL PRIMARY KEY,
	"name"	varchar(255),
	"country_id"	int,
	FOREIGN KEY("country_id") REFERENCES "countries"
);
DROP TABLE IF EXISTS "bookings";
CREATE TABLE IF NOT EXISTS "bookings" (
	"id"	SERIAL PRIMARY KEY,
	"customer_id"	int,
	FOREIGN KEY("customer_id") REFERENCES "customers"
);
DROP TABLE IF EXISTS "booked_dates";
CREATE TABLE IF NOT EXISTS "booked_dates" (
	"id"	SERIAL PRIMARY KEY,
	"booking_id"	int,
	"reserved_night_date"	date,
	"price"	Numeric(10, 2),
	FOREIGN KEY("booking_id") REFERENCES "bookings"
);
INSERT INTO "countries" ("id","name") VALUES (1,'Luxembourg'),
 (2,'Fiji'),
 (3,'Singapore'),
 (4,'Dominica'),
 (5,'Tonga'),
 (6,'Andorra'),
 (7,'Seychelles'),
 (8,'Antigua and Barbuda'),
 (9,'Saint Vincent and The Grenadines'),
 (10,'Grenada'),
 (11,'Malta'),
 (12,'Maldives'),
 (13,'Saint Kitts'),
 (14,'Marshall Islands'),
 (15,'Liechtenstein'),
 (16,'San Marino'),
 (17,'Tuvalu'),
 (18,'Nauru'),
 (19,'Monaco'),
 (20,'Vatican City');
INSERT INTO "customers" ("id","name","country_id") VALUES (1,'Haley Skinner',14),
 (2,'Cristina Rivas',20),
 (3,'Louis Jensen',4),
 (4,'Ruben Kidd',14),
 (5,'Kyson Peterson',3),
 (6,'Madison Phelps',20),
 (7,'Brock Salazar',4),
 (8,'Mikaela Graham',11),
 (9,'Skyee French',11),
 (10,'Marina Carpenter',9),
 (11,'Salma Whitaker',9),
 (12,'Roman Bonilla',4),
 (13,'Destiny Ellis',14),
 (14,'Seth Thomas',7),
 (15,'Quinn Christian',19),
 (16,'Leilani Orr',19),
 (17,'Giovanni Salazar',19),
 (18,'Emilee Rosario',14),
 (19,'Elaine Vaughan',4),
 (20,'Alana Rhodes',2),
 (21,'Todd Gilmore',5),
 (22,'Annabella Bradford',6),
 (23,'Elisabeth Arroyo',5),
 (24,'Jared Riley',10),
 (25,'Xzavier Levy',9),
 (26,'Jaqueline Simpson',14),
 (27,'Logan Whitney',4),
 (28,'Reilly Estes',8),
 (29,'Shyla Randolph',3),
 (30,'Maximilian Mclaughlin',1);
 INSERT INTO "bookings" ("id","customer_id") VALUES (1,26),
 (2,4),
 (3,7),
 (4,26),
 (5,11),
 (6,6),
 (7,4),
 (8,19),
 (9,23),
 (10,29),
 (11,8),
 (12,10),
 (13,18),
 (14,5),
 (15,28),
 (16,22),
 (17,5),
 (18,28),
 (19,5),
 (20,11),
 (21,4),
 (22,17),
 (23,21),
 (24,25),
 (25,19),
 (26,20),
 (27,13),
 (28,13),
 (29,26),
 (30,10),
 (31,24),
 (32,20),
 (33,27),
 (34,25),
 (35,4),
 (36,14),
 (37,26),
 (38,19),
 (39,23),
 (40,18),
 (41,6),
 (42,1),
 (43,22),
 (44,4),
 (45,16),
 (46,26),
 (47,28),
 (48,17);
INSERT INTO "booked_dates" ("id","booking_id","reserved_night_date","price") VALUES (1,1,'2022-04-21',190),
 (2, 1, '2022-04-22', 190),
 (3, 2, '2022-01-08', 90),
 (4, 2, '2022-01-09', 90),
 (5, 2, '2022-01-10', 90),
 (6, 2, '2022-01-11', 90),
 (7, 3, '2022-03-04', 70),
 (8, 3, '2022-03-05', 70),
 (9, 4, '2022-02-12', 121),
 (10, 4, '2022-02-13', 121),
 (11, 4, '2022-02-14', 121),
 (12, 4, '2022-02-15', 121),
 (13, 5, '2022-10-23', 76),
 (14, 5, '2022-10-24', 76),
 (15, 6, '2022-02-13', 182),
 (16, 6, '2022-02-14', 182),
 (17, 6, '2022-02-15', 182),
 (18, 7, '2022-02-11', 158),
 (19, 8, '2022-06-06', 117),
 (20, 8, '2022-06-07', 117),
 (21, 8, '2022-06-08', 117),
 (22, 9, '2022-01-10', 178),
 (23, 9, '2022-01-11', 178),
 (24, 10, '2022-10-24', 79),
 (25, 10, '2022-10-25', 79),
 (26, 10, '2022-10-26', 79),
 (27, 11, '2022-04-16', 152),
 (28, 11, '2022-04-17', 152),
 (29, 11, '2022-04-18', 152),
 (30, 12, '2022-11-09', 31),
 (31, 12, '2022-11-10', 31),
 (32, 13, '2022-05-01', 167),
 (33, 14, '2022-02-15', 190),
 (34, 14, '2022-02-16', 190),
 (35, 14, '2022-02-17', 190),
 (36, 15, '2022-11-12', 33),
 (37, 16, '2022-06-10', 151),
 (38, 17, '2022-05-15', 144),
 (39, 17, '2022-05-16', 144),
 (40, 18, '2022-03-22', 157),
 (41, 19, '2022-10-10', 199),
 (42, 20, '2022-08-01', 154),
 (43, 20, '2022-08-02', 154),
 (44, 21, '2022-01-25', 174),
 (45, 22, '2022-02-12', 115),
 (46, 22, '2022-02-13', 115),
 (47, 23, '2022-10-18', 170),
 (48, 24, '2022-04-04', 62),
 (49, 24, '2022-04-05', 62),
 (50, 25, '2022-06-20', 131),
 (51, 25, '2022-06-21', 131),
 (52, 25, '2022-06-22', 131),
 (53, 26, '2022-10-09', 178),
 (54, 26, '2022-10-10', 178),
 (55, 27, '2022-07-01', 107),
 (56, 27, '2022-07-02', 107),
 (57, 27, '2022-07-03', 107),
 (58, 28, '2022-07-04', 79),
 (59, 28, '2022-07-05', 79),
 (60, 29, '2022-01-26', 133),
 (61, 29, '2022-01-27', 133),
 (62, 29, '2022-01-28', 133),
 (63, 30, '2022-09-26', 127),
 (64, 31, '2022-05-22', 186),
 (65, 31, '2022-05-23', 186),
 (66, 32, '2022-05-18', 175),
 (67, 33, '2022-01-25', 172),
 (68, 33, '2022-01-26', 172),
 (69, 34, '2022-07-24', 107),
 (70, 35, '2022-10-05', 15),
 (71, 35, '2022-10-06', 15),
 (72, 35, '2022-10-07', 15),
 (73, 35, '2022-10-08', 15),
 (74, 36, '2022-09-05', 115),
 (75, 36, '2022-09-06', 115),
 (76, 36, '2022-09-07', 115),
 (77, 37, '2022-10-09', 130),
 (78, 37, '2022-10-10', 130),
 (79, 37, '2022-10-11', 130),
 (80, 37, '2022-10-12', 130),
 (81, 37, '2022-10-13', 130),
 (82, 38, '2022-05-12', 89),
 (83, 38, '2022-05-13', 89),
 (84, 38, '2022-05-14', 89),
 (85, 39, '2022-06-18', 108),
 (86, 40, '2022-10-10', 137),
 (87, 40, '2022-10-11', 137),
 (88, 40, '2022-10-12', 137),
 (89, 40, '2022-10-13', 137),
 (90, 41, '2022-08-20', 126),
 (91, 41, '2022-08-21', 126),
 (92, 42, '2022-01-08', 22),
 (93, 42, '2022-01-09', 22),
 (94, 43, '2022-07-06', 67),
 (95, 44, '2022-02-03', 136),
 (96, 45, '2022-08-08', 192),
 (97, 46, '2022-01-07', 53),
 (98, 46, '2022-01-08', 53),
 (99, 46, '2022-01-09', 53),
 (100, 46, '2022-01-10', 53),
 (101, 46, '2022-01-11', 53),
 (102, 47, '2022-04-12', 115),
 (103, 48, '2022-02-22', 97);
COMMIT;
